f48c12,127.0.0.1,GET,http://127.0.0.1:8000/_fragment?_path=_format%3Dhtml%26_locale%3Dfr%26_controller%3DAppBundle%255CController%255CPersonController%253A%253Ashowsidebar,1549883063,26aadb,200
93e666,127.0.0.1,GET,http://127.0.0.1:8000/_fragment?_path=_format%3Dhtml%26_locale%3Dfr%26_controller%3DAppBundle%255CController%255CRandomimageController%253A%253Arandomimage,1549883063,26aadb,200
26aadb,127.0.0.1,GET,http://127.0.0.1:8000/fr/login,1549883063,,200
c76362,127.0.0.1,GET,http://127.0.0.1:8000/_fragment?_path=_format%3Dhtml%26_locale%3Dfr%26_controller%3DAppBundle%255CController%255CPersonController%253A%253Ashowsidebar,1549883073,3a35ab,200
a96fef,127.0.0.1,GET,http://127.0.0.1:8000/_fragment?_path=_format%3Dhtml%26_locale%3Dfr%26_controller%3DAppBundle%255CController%255CRandomimageController%253A%253Arandomimage,1549883073,3a35ab,200
3a35ab,127.0.0.1,GET,http://127.0.0.1:8000/fr/person/2,1549883073,,200
327ec4,127.0.0.1,GET,http://127.0.0.1:8000/_fragment?_path=_format%3Dhtml%26_locale%3Dfr%26_controller%3DAppBundle%255CController%255CPersonController%253A%253Ashowsidebar,1549883085,a508e6,200
0c75c3,127.0.0.1,GET,http://127.0.0.1:8000/_fragment?_path=_format%3Dhtml%26_locale%3Dfr%26_controller%3DAppBundle%255CController%255CRandomimageController%253A%253Arandomimage,1549883085,a508e6,200
cfd8dd,127.0.0.1,GET,http://127.0.0.1:8000/fr/person/pdf/2,1549883085,a508e6,200
a508e6,127.0.0.1,GET,http://127.0.0.1:8000/fr/person/pdf/2,1549883085,,500
7fc791,127.0.0.1,GET,http://127.0.0.1:8000/fr/person/pdf/2,1549883267,b0efe2,200
b0efe2,127.0.0.1,GET,http://127.0.0.1:8000/fr/person/pdf/2,1549883267,,500
e16a5b,127.0.0.1,GET,http://127.0.0.1:8000/fr/person/pdf/2,1549883305,8f36f9,200
8f36f9,127.0.0.1,GET,http://127.0.0.1:8000/fr/person/pdf/2,1549883305,,500
f2bd5d,127.0.0.1,GET,http://127.0.0.1:8000/fr/person/pdf/2,1549883347,337df4,200
337df4,127.0.0.1,GET,http://127.0.0.1:8000/fr/person/pdf/2,1549883347,,500
